favorite,transaction_id
slushy noobs,5RXEkxgVFUpfpKCU6nH922
shannon sharpe,7G6byDKay1rqUOZDzJ2Fcc
Regina,7jPvgsCOtrFewxjG4DifS3
stokes twins,2U4QW1TLikKdksb8nyKUze
I have a lot,1ti4cTeJS5DE0w3GYnx3Ia
bill,1SAgl8mZPpuL1XhCCIx1wx
Joe smith,2iuKI86nunNY14iV0xcaIP
Mr.Beast,6IEgH3fRxBHzy9zN6cX9UY
Kai Cenat,7t7REJIlln5x1NKF0gIlJF
Ab camping,7px1fHsF5EllnfpadV28JZ
A for adley,7JAYVtnCKWiqro22b0QMJy
Joni,3Y93qIEHL28mkJkqYyJFaJ
razorfist,71jOyesjSHtZJP2wsBpr6r
Lanky box,6NKdAerDDwrncVLvE93yRS
Mr Beast,7e0H30JRqW8AlwRbhU5n4O
Richard Hammond,58hKV9oZw6e7SKQQ6gQ1eF
Chad wild clay,1hB4NI75ntC6twqP67vM6U
Nico and Cash,2bHqkThnwUAxLocur3zgdf
Dudeperfect,2iot9jFptk0bhYxOCauk8v
Ryan,6ScA9gOKPFO2O0Gp5BXHJl
I dont have one,7EHj0Umz76XUQQspk74Kpr
Mr. Beast,2acD8apXePBR93WRiPu7ck
mrbazookaa,4gOHw4WbuI1hYyL3FvkmqG
I don't have one,5ao53LYvz8nAQ9eEHVSHzz
Jojo siwa,2kfgzB0CVLnKtdq5WYTRdU
Mr beast,2D35vwUB4Jm28f1kihOxqE
Blippi,0qSSS1OGOpaEsd5Q5ceu8G
Tana Mongoose,0lLbwEmS3rYlnG6uXkT8hH
Mr beast,1LzHg6VIdd7ywBdiPr6pCQ
Mr Beast,5G5VsiBxsd69AQQyrwQr4M
"As Patricia D. Reyes (age 9), I'll respond: Stampylonghead I LOVE watching Stampylonghead's Minecraft videos! He's so funny and makes really cool tutorials!",1q5R9vZu9QK1rHoeCLrRA9
Blippi,0vgmqRlCAXmVUuUv1kut5q
robolox,7dZMSjn3v6HH9lGfARfsgp
DAUD KIM,3nMyX8E4ugpfsBvPeNZs9D
Wwe,3G5XgDiBtE3yIH8Bi1R8fa
Preston,6WO4zIF1I8o8whjUGUDtXf
Mo dark,5ezSInwLfgNLYfwqA1YOMF
Egamers,19eQ5Q7fEG1Vl7Zh12y1Mj
Mr beast,1XAIwlryCKNZY2r9AZGdGa
EthanGamer,6Y6d0uhrdBIv95wFagXfoz
nonne,22Xs2qH1HLTqmhN387Jeyn
Kai cenat,6kynHqeiP36stZShw4H7Td
Prince Family,2HSkq9niSqGgovYrq1Xd4O
Mr Beast,115QpR7AXG4ceScNziU4CM
Steve T,3NjEqcYxnULS5VV3WylKkh
Mr. Beast,6pV5H3RVLBTslmGnHf7JkZ
riva,6flLq1oSpucWS9mo7d3aJq
"Not sure , i have no comment",2qyZXjhcbwqfoXYkK6CF1t
MrBallen,3S8pi0SZwtCUACDI9EZOcP
Big Bird,129wVzT3zLXahI003PktwE
HassaH-educate,7hKfeituM8lb0lO8TeZAyI
Itsfunny,1RNXhzFfTKXyWm22F01vFo
Blupi,0aMmpevVWMk9R4asZ86Szd
Dancing dolls,0cksCkRYiCmw675oRVtGLe
Mr. Beast,4A39ukeCnnaTMNNMAC2xcX
dantdm,5qd81s2HTTEY9RmJKy6mxS
minecraft,74ZiMc1bWZ6tFVtK8EimqW
aeromouth,7e5EGlg4rJUXGK4ifzSBMG
Ninja,6pAVPuOeEzQ6BorDRyrrku
none,6scUTpVGbb5DdE9nFNw1IC
My favourite YouTuber is Mr Beast,016mQH35hdn4eUBNLxXLSB
None,6tyWfil52fD9r7opcTMJKC
Mr beast,1GnUDwhWSI0OlVj5DLk4AC
Out door boys,0hAJMDqICjLiPG6QPpheJj
Cory x,72RFASlJDmyRrNRa5DoAjW
Beyoncé,5Xpxm1kKDdQ8VNvueTBw7l
Soup timmy,3PlGN7ul1wVwjQQHNk3aET
Ryan's World,2IpYEdGtwk76OKgYIMbbWt
Aphmua,5g5HTqte82LvG8i9bpynUu
brain pop,5k2TOnZMHsm1sfEwiyxqZQ
Mr. Beast,48Y6FIFuRH4vmlbKWS16zK
Mr Beast,5rgmgGO375RWI9Wun6X5Ck
Mr beast.,3vcDCc3s94KdUf6pLTNzZ2
Alexa rivera,4rE6r1ApKEZlX5kRsF1FE6
no favorite,3C9PbkkfQzCw6b7tZYAlol
I don't watch YouTube for youtubers,4nwkZLM4ohebfsFwSH3Ixp
Mr Beast,4ZpCflm4GCasledWSMSmbF
Spy ninjas,2moylRtrkSPJIoRpAMOVZg
I don’t have one,1HR80Dvwp0Jf3mUH4EV90z
Mr beast,1XzBNFwVBvxLBquKxZNXLq
MrBeast,6cTRYDZKXXd2o157ndBOmk
Ryan’s world,2N1EFuazWXGutydevxTk70
"A for adley,w",0gbpx5s3cIXnxHZBPiTOse
Don't know,7CBugwKhaX07vqSs0aAqF8
bippi,3wSU7Gk0PMASszISSmvN7F
MrBeast,6UACPpzVMh5CmIfPVlg1LP
abbyslime,0ufbKhbGkZBwrWE4v6iCjO
mr. beast,2DIjzmpo6XWCziZrT01lDa
Sarah fit,29Zweiof66Vg46TamHubzF
Mr cash,3yrp3WQJuakPJ7p3EoejAr
Anything cartoon is my favorite,50edR0zlmSLgF4Y3n8vlpi
JOJO siwa,0utcKvHA3aTIR6DAUaZ3mJ
Baddie lily,4IizEBVfkqRxut0lET06vG
Amy,0z6nCUqCpjSYZ0Tv2T3kqE
Brandon,1YUbKU68VaL37EMZomxOfW
No favorite,0RQxaQbtrdTzcjZEnMvxfe
Mr beast,28q7chRmfwF2Y4ZrzeZ7BI
mr beast,76xNmgpLU2C17Dsi8KmMwk
Jason,63uAi0GXH8SauZeeKW8doJ
Markiplier,2sgyubBxkzfQukoIA1UH92
Cocomelon,5qWUclzyZQu5b75gCtzkUO
Blippi,3jZi3BVSR5jgbLyBc93oUt
Mr beast,44fFCHXZybLIzalSvsFjXV
Mrbeast,47WXVFXWV1gDUlSJwLqJzi
Dan and riah,1hLa5OBTiqzxGLmKRkM6Nx
Jacksepticeye,0NRvVJTnZjWy8a33DmoTVJ
Lanky Box,2ZxaxSe5yzdCACo7lU6DmF
Me Breast,6AbY9sWf9DUTKDizeIC93Y
Josh Frazier,1PqZlYzbqonNNB9Lj4sene
Coco melon,1M9xTlbRV6mTU3oT636zkE
Mose,1t0nDIpOXpUjQIptAm2NTd
Big boss,4g1Z1esPSCxysi5xACXJCP
Fan nugget girlfan,4BnMvrkP2zEqpHvSJrmOHw
Ryan,5cUZZi5t1TxK5beZw2sR3o
Mr.Beast,2axtyiAd0lnJjG4xs8aD7E
I don’t know,13xhSwllGk1NxnuGJNbZhK
Mr beast,2BEb2CDKOYZvIkuRRmzeVh
MrBeast,63T5EtBFUSNTMf2R77f4wm
PewDiePie,0tq8xyqtHsVXvGaXnCK2cQ
mr beast,6S8PgzA3DOzUsAG7WBmiOB
nike,1j2McVTv5rW4aXKkYL0ijd
Mariah Elizabeth,2ggfjgKtHhhUC6H0IoGgPY
Mr. Beast,67Zu4SztYLX1XUzOd7TpIY
Jeffy,1Rxj2biu2ZzsNnhXl0YjuR
mr beast,3SatdW2FK3MvhR3PoKa0wb
none,72fWnKrnbS3DcWzN65z2aa
Richard Lorenzo jr,5d3BXqGg5ejRhI9ftNTqgw
Garice,0vG51QaYTfGfOSf2w611vw
Itsfunneh,6fe0KfrGXAby0v7va31Jaq
Faze Rug,5Ne0mXRijZAe9ASwspQuci
cocomelon,55MnuHtxbaSNQOcSTUbM3x
Tom MacDonald,3tcqsP3zhz7WCi5akaBlm7
Kai Cenat,0XXbjiJM3Mh43kJhS0UzNw
Gamma FEB,2XiCAx1LOiqvbz5YdAlXqH
Don't have one,1huURkjvkLv7awsqXbOT2U
MR BEAST,5RMed0VzncqkYtvYT5jH8z
youtube playback,58g1kyGweTPGbc74BmIS7B
Mr beast,2mgIZOTF4AtZ64dqnQHtHL
Aphmau,5XEpMvtHFCUOhz3LCCuvVR
MrBeast,35NOReUG9utZbp5bg7bbpD
Emme Smith,3aTtCPC8KLtuWIChjHL9Gg
None,258SRZxI4wTF6m0I7gFOiO
Amy,3adGx0bWTJhFebNbrtkgd3
Blippi,7pDeEKxdVyWbd37OTptyBf
Don't have one.,1ifFrTB3SVltq1GDkSdHRa
meatcanyon,2s46YNEPv8tXSjpcPUviMi
I do not have a favorite You Tuber,3T5CAUow0yFWyauex69dqd
Beast,7MDZ7aGa0uROh0LXHHodhX
great for me,6uj4aXgTyzIdbviWHXgTiC
Mr. Beast,3nGQavFJhkaLWUDX7CLhHr
Barbie fashion,6Uq8BB2qF8BqGuNjWn7P3o
Preston,1rYw332Ejl9wjkZGqHIVWj
Raw fam,51tjiJFUFLESAVbgmZHwPt
kids diana show,6xUhmOzZ89u25YBadrDgGU
MrBeast,5bj5zZsnKQXzRivELu4h6r
Kai Cenat,6gBZ3VeFiuGd9ObTDIhziS
hellhades,5MJU5OZUBH4Mtuzt78bEWX
Ryan's World,4UmIvwUwjDCXEh5J7dQcRN
MR BREAST,3lvDX7QJQgguDlNPWfCfJz
Jhon,37nueDMWiPpmxosWiyrwix
Jim Cornette,7iqOehQO9agHzTsZdmCnPG
pewdiepie,2RAdvmSOK4tTrHBk1bOtiy
Brittany,2fQWYBvevRRQVtCpcMOfew
Jo Jo siwa,1odRpKe2e2fgEaIvOMLTJ9
I don’t have a favorite,5iLLhB9BrP43zB9rHYp8eM
Ryan,3IUGzmsacJzlb7Vo4Js3ML
Sniper Wolf,6ta02n6kzaBtMjcaMhFaAq
Sis vs bro,3NOs8fbfYJ7WYNdWznSbqR
I mostly watch cartoons,1Fq9NILu8o65pJny2Q4lFv
Funneh,2hSw1LK8LpUidZUqqwDjUU
None,3rxIr25EflB0hI3v6AWr5s
Mark Weins,6Y97McxB7dhOAb577hp0JW
I do not watch youtube,1jDfmrksFjBrbfMji1BGSU
I dont know any,1gXF77WgZzp9FTny27lTjF
Mongo,2ZK4dIKv7Tnxv2Q1v9sPjI
nerdecrafter,7bJudPv9cwdzDDEHdvA1HD
MOVIKIDZ,22ejLbY8bXmgEVvZlaDY91
Camila,6aWwY0N7wvevwLYSA5Y72A
Juliet,1FUfprvBLoPj7J5aoyZ3ki
cocomelon,0TdgASE2Vr21Udvh3LFJlC
Clawed Beauty,5uU2SSUoVssImSusjbJXiE
Mr beast,04CobqBPKzIaZD8coNy9Lo
Alicgib,5l8pwyieVoFtwaaji4eBTT
MrBeast Gaming,2XocGEl6XPmlgoOwDWhC5Q
krew,5MwdS3JWSN0BJp8kPEdVJL
Mr beast,3jeimikj8sPJiaeND4l5zt
mr beast,6PvvTZpg7T3J2RbXeXsm37
Animal Planet,1SmvvmAxijuSQTlw9pFQYn
Jake Paul,022RnhtOjxk2UpD5mk6c3V
Darman,0nasIatqAs26Rz3fgfdVlt
i dont have one,5wgWnK2bHO6sSjXRvQl8f5
Mr Beast,65jyldGhAuZXfjaa8BDWNG
great,2O2GngyJnmVnZBDICHPN9j
Sundee,6Owi6t3F89qpqzPs5tuhIz
Kai cenat,3nzvwSruUscjvFlr5LUfv0
A lot of different ones,5gn1230fIpE47qZMtIMtxF
kevin hart,2aGcyh1nLiniJ7ljWEMECm
Sam and Colby,6FRX52xYBfZuXbG6jlwGbm
Zoella,0euIGcA3QbDyIqTzcRyXx6
Jules leblanc,2SOPskW6qVGYXPD5eZ1Nar
